<?xml version="1.0"?>
<!--<!DOCTYPE metadata SYSTEM "http://www.esri.com/metadata/esriprof80.dtd">-->
<metadata xml:lang="ko"><Esri><MetaID>{BB9143CD-BAED-472F-BAE4-5DA5E0EEBFF1}</MetaID><CreaDate>20161120</CreaDate><CreaTime>20355300</CreaTime><SyncOnce>FALSE</SyncOnce><SyncDate>20171124</SyncDate><SyncTime>11074600</SyncTime><ModDate>20171124</ModDate><ModTime>11074600</ModTime><DataProperties><lineage><Process ToolSource="C:\Program Files (x86)\ArcGIS\ArcToolbox\Toolboxes\Data Management Tools.tbx\CopyFeatures" Date="20161120" Time="203554">CopyFeatures D:\01.Project\32.SDW_2017\05.DB구축\00.추가10종\02.데이터구축\COM\TL_PUB_ALSFC.shp D:\01.Project\32.SDW_2017\05.DB구축\00.추가10종\02.데이터구축\PGEO_FILE.mdb\TL_PUB_ALSFC # 0 0 0</Process><Process ToolSource="C:\Program Files (x86)\ArcGIS\ArcToolbox\Toolboxes\Data Management Tools.tbx\CopyFeatures" Date="20161120" Time="203614">CopyFeatures D:\01.Project\32.SDW_2017\05.DB구축\00.추가10종\02.데이터구축\PGEO_FILE.mdb\TL_PUB_ALSFC "D:\01.Project\32.SDW_2017\05.DB구축\00.추가10종\02.데이터구축\New Folder\TL_PUB_ALSFC.shp" # 0 0 0</Process><Process ToolSource="C:\Program Files (x86)\ArcGIS\ArcToolbox\Toolboxes\Data Management Tools.tbx\AddField" Date="20161120" Time="223640">AddField TL_PUB_ALSFC ALSFC_ID1 DOUBLE 12 0 # # NON_NULLABLE NON_REQUIRED # TL_PUB_ALSFC</Process><Process ToolSource="C:\Program Files (x86)\ArcGIS\ArcToolbox\Toolboxes\Data Management Tools.tbx\AddField" Date="20161120" Time="223640">AddField TL_PUB_ALSFC ALSFC_KEY1 TEXT # # 50 # NON_NULLABLE NON_REQUIRED # TL_PUB_ALSFC</Process><Process ToolSource="C:\Program Files (x86)\ArcGIS\ArcToolbox\Toolboxes\Data Management Tools.tbx\AddField" Date="20161120" Time="223641">AddField TL_PUB_ALSFC ALSFC_NM1 TEXT # # 70 # NON_NULLABLE NON_REQUIRED # TL_PUB_ALSFC</Process><Process ToolSource="C:\Program Files (x86)\ArcGIS\ArcToolbox\Toolboxes\Data Management Tools.tbx\AddField" Date="20161120" Time="223641">AddField TL_PUB_ALSFC ADRES1 TEXT # # 150 # NON_NULLABLE NON_REQUIRED # TL_PUB_ALSFC</Process><Process ToolSource="C:\Program Files (x86)\ArcGIS\ArcToolbox\Toolboxes\Data Management Tools.tbx\AddField" Date="20161120" Time="223641">AddField TL_PUB_ALSFC OLD_ZIP1 TEXT # # 40 # NON_NULLABLE NON_REQUIRED # TL_PUB_ALSFC</Process><Process ToolSource="C:\Program Files (x86)\ArcGIS\ArcToolbox\Toolboxes\Data Management Tools.tbx\AddField" Date="20161120" Time="223641">AddField TL_PUB_ALSFC HMPG1 TEXT # # 580 # NON_NULLABLE NON_REQUIRED # TL_PUB_ALSFC</Process><Process ToolSource="C:\Program Files (x86)\ArcGIS\ArcToolbox\Toolboxes\Data Management Tools.tbx\AddField" Date="20161120" Time="223641">AddField TL_PUB_ALSFC EMAIL1 TEXT # # 120 # NON_NULLABLE NON_REQUIRED # TL_PUB_ALSFC</Process><Process ToolSource="C:\Program Files (x86)\ArcGIS\ArcToolbox\Toolboxes\Data Management Tools.tbx\AddField" Date="20161120" Time="223641">AddField TL_PUB_ALSFC TELNO1 TEXT # # 150 # NON_NULLABLE NON_REQUIRED # TL_PUB_ALSFC</Process><Process ToolSource="C:\Program Files (x86)\ArcGIS\ArcToolbox\Toolboxes\Data Management Tools.tbx\AddField" Date="20161120" Time="223641">AddField TL_PUB_ALSFC FXNUM1 TEXT # # 60 # NON_NULLABLE NON_REQUIRED # TL_PUB_ALSFC</Process><Process ToolSource="C:\Program Files (x86)\ArcGIS\ArcToolbox\Toolboxes\Data Management Tools.tbx\AddField" Date="20161120" Time="223641">AddField TL_PUB_ALSFC POSESN_OR1 TEXT # # 40 # NON_NULLABLE NON_REQUIRED # TL_PUB_ALSFC</Process><Process ToolSource="C:\Program Files (x86)\ArcGIS\ArcToolbox\Toolboxes\Data Management Tools.tbx\AddField" Date="20161120" Time="223641">AddField TL_PUB_ALSFC OPER_STLE1 TEXT # # 110 # NON_NULLABLE NON_REQUIRED # TL_PUB_ALSFC</Process><Process ToolSource="C:\Program Files (x86)\ArcGIS\ArcToolbox\Toolboxes\Data Management Tools.tbx\AddField" Date="20161120" Time="223641">AddField TL_PUB_ALSFC OPER_ORG1 TEXT # # 130 # NON_NULLABLE NON_REQUIRED # TL_PUB_ALSFC</Process><Process ToolSource="C:\Program Files (x86)\ArcGIS\ArcToolbox\Toolboxes\Data Management Tools.tbx\AddField" Date="20161120" Time="223641">AddField TL_PUB_ALSFC PLOT_AREA1 DOUBLE 12 0 # # NON_NULLABLE NON_REQUIRED # TL_PUB_ALSFC</Process><Process ToolSource="C:\Program Files (x86)\ArcGIS\ArcToolbox\Toolboxes\Data Management Tools.tbx\AddField" Date="20161120" Time="223642">AddField TL_PUB_ALSFC BLDG_AREA1 DOUBLE 12 0 # # NON_NULLABLE NON_REQUIRED # TL_PUB_ALSFC</Process><Process ToolSource="C:\Program Files (x86)\ArcGIS\ArcToolbox\Toolboxes\Data Management Tools.tbx\AddField" Date="20161120" Time="223642">AddField TL_PUB_ALSFC TOTAR1 DOUBLE 12 0 # # NON_NULLABLE NON_REQUIRED # TL_PUB_ALSFC</Process><Process ToolSource="C:\Program Files (x86)\ArcGIS\ArcToolbox\Toolboxes\Data Management Tools.tbx\AddField" Date="20161120" Time="223642">AddField TL_PUB_ALSFC GROUND_FL1 DOUBLE 12 0 # # NON_NULLABLE NON_REQUIRED # TL_PUB_ALSFC</Process><Process ToolSource="C:\Program Files (x86)\ArcGIS\ArcToolbox\Toolboxes\Data Management Tools.tbx\AddField" Date="20161120" Time="223642">AddField TL_PUB_ALSFC UNDGRND_F1 DOUBLE 12 0 # # NON_NULLABLE NON_REQUIRED # TL_PUB_ALSFC</Process><Process ToolSource="C:\Program Files (x86)\ArcGIS\ArcToolbox\Toolboxes\Data Management Tools.tbx\AddField" Date="20161120" Time="223642">AddField TL_PUB_ALSFC PARKNG1 DOUBLE 12 0 # # NON_NULLABLE NON_REQUIRED # TL_PUB_ALSFC</Process><Process ToolSource="C:\Program Files (x86)\ArcGIS\ArcToolbox\Toolboxes\Data Management Tools.tbx\AddField" Date="20161120" Time="223642">AddField TL_PUB_ALSFC SBRS1 TEXT # # 320 # NON_NULLABLE NON_REQUIRED # TL_PUB_ALSFC</Process><Process ToolSource="C:\Program Files (x86)\ArcGIS\ArcToolbox\Toolboxes\Data Management Tools.tbx\AddField" Date="20161120" Time="223642">AddField TL_PUB_ALSFC FCLTY_INT1 TEXT # # 660 # NON_NULLABLE NON_REQUIRED # TL_PUB_ALSFC</Process><Process ToolSource="C:\Program Files (x86)\ArcGIS\ArcToolbox\Toolboxes\Data Management Tools.tbx\AddField" Date="20161120" Time="223642">AddField TL_PUB_ALSFC TM_X1 DOUBLE 12 6 # # NON_NULLABLE NON_REQUIRED # TL_PUB_ALSFC</Process><Process ToolSource="C:\Program Files (x86)\ArcGIS\ArcToolbox\Toolboxes\Data Management Tools.tbx\AddField" Date="20161120" Time="223642">AddField TL_PUB_ALSFC TM_Y1 DOUBLE 12 6 # # NON_NULLABLE NON_REQUIRED # TL_PUB_ALSFC</Process><Process ToolSource="C:\Program Files (x86)\ArcGIS\ArcToolbox\Toolboxes\Data Management Tools.tbx\CalculateField" Date="20161120" Time="223718">CalculateField TL_PUB_ALSFC ALSFC_ID1 ltrim([ALSFC_ID]) VB # TL_PUB_ALSFC</Process><Process ToolSource="C:\Program Files (x86)\ArcGIS\ArcToolbox\Toolboxes\Data Management Tools.tbx\CalculateField" Date="20161120" Time="223718">CalculateField TL_PUB_ALSFC ALSFC_KEY1 ltrim([ALSFC_KEY]) VB # TL_PUB_ALSFC</Process><Process ToolSource="C:\Program Files (x86)\ArcGIS\ArcToolbox\Toolboxes\Data Management Tools.tbx\CalculateField" Date="20161120" Time="223718">CalculateField TL_PUB_ALSFC ALSFC_NM1 ltrim([ALSFC_NM]) VB # TL_PUB_ALSFC</Process><Process ToolSource="C:\Program Files (x86)\ArcGIS\ArcToolbox\Toolboxes\Data Management Tools.tbx\CalculateField" Date="20161120" Time="223718">CalculateField TL_PUB_ALSFC ADRES1 ltrim([ADRES]) VB # TL_PUB_ALSFC</Process><Process ToolSource="C:\Program Files (x86)\ArcGIS\ArcToolbox\Toolboxes\Data Management Tools.tbx\CalculateField" Date="20161120" Time="223719">CalculateField TL_PUB_ALSFC OLD_ZIP1 ltrim([OLD_ZIP]) VB # TL_PUB_ALSFC</Process><Process ToolSource="C:\Program Files (x86)\ArcGIS\ArcToolbox\Toolboxes\Data Management Tools.tbx\CalculateField" Date="20161120" Time="223719">CalculateField TL_PUB_ALSFC HMPG1 ltrim([HMPG]) VB # TL_PUB_ALSFC</Process><Process ToolSource="C:\Program Files (x86)\ArcGIS\ArcToolbox\Toolboxes\Data Management Tools.tbx\CalculateField" Date="20161120" Time="223719">CalculateField TL_PUB_ALSFC EMAIL1 ltrim([EMAIL]) VB # TL_PUB_ALSFC</Process><Process ToolSource="C:\Program Files (x86)\ArcGIS\ArcToolbox\Toolboxes\Data Management Tools.tbx\CalculateField" Date="20161120" Time="223719">CalculateField TL_PUB_ALSFC TELNO1 ltrim([TELNO]) VB # TL_PUB_ALSFC</Process><Process ToolSource="C:\Program Files (x86)\ArcGIS\ArcToolbox\Toolboxes\Data Management Tools.tbx\CalculateField" Date="20161120" Time="223720">CalculateField TL_PUB_ALSFC FXNUM1 ltrim([FXNUM]) VB # TL_PUB_ALSFC</Process><Process ToolSource="C:\Program Files (x86)\ArcGIS\ArcToolbox\Toolboxes\Data Management Tools.tbx\CalculateField" Date="20161120" Time="223720">CalculateField TL_PUB_ALSFC POSESN_OR1 ltrim([POSESN_ORG]) VB # TL_PUB_ALSFC</Process><Process ToolSource="C:\Program Files (x86)\ArcGIS\ArcToolbox\Toolboxes\Data Management Tools.tbx\CalculateField" Date="20161120" Time="223720">CalculateField TL_PUB_ALSFC OPER_STLE1 ltrim([OPER_STLE]) VB # TL_PUB_ALSFC</Process><Process ToolSource="C:\Program Files (x86)\ArcGIS\ArcToolbox\Toolboxes\Data Management Tools.tbx\CalculateField" Date="20161120" Time="223720">CalculateField TL_PUB_ALSFC OPER_ORG1 ltrim([OPER_ORG]) VB # TL_PUB_ALSFC</Process><Process ToolSource="C:\Program Files (x86)\ArcGIS\ArcToolbox\Toolboxes\Data Management Tools.tbx\CalculateField" Date="20161120" Time="223721">CalculateField TL_PUB_ALSFC PLOT_AREA1 ltrim([PLOT_AREA]) VB # TL_PUB_ALSFC</Process><Process ToolSource="C:\Program Files (x86)\ArcGIS\ArcToolbox\Toolboxes\Data Management Tools.tbx\CalculateField" Date="20161120" Time="223721">CalculateField TL_PUB_ALSFC BLDG_AREA1 ltrim([BLDG_AREA]) VB # TL_PUB_ALSFC</Process><Process ToolSource="C:\Program Files (x86)\ArcGIS\ArcToolbox\Toolboxes\Data Management Tools.tbx\CalculateField" Date="20161120" Time="223721">CalculateField TL_PUB_ALSFC TOTAR1 ltrim([TOTAR]) VB # TL_PUB_ALSFC</Process><Process ToolSource="C:\Program Files (x86)\ArcGIS\ArcToolbox\Toolboxes\Data Management Tools.tbx\CalculateField" Date="20161120" Time="223721">CalculateField TL_PUB_ALSFC GROUND_FL1 ltrim([GROUND_FL]) VB # TL_PUB_ALSFC</Process><Process ToolSource="C:\Program Files (x86)\ArcGIS\ArcToolbox\Toolboxes\Data Management Tools.tbx\CalculateField" Date="20161120" Time="223722">CalculateField TL_PUB_ALSFC UNDGRND_F1 ltrim([UNDGRND_FL]) VB # TL_PUB_ALSFC</Process><Process ToolSource="C:\Program Files (x86)\ArcGIS\ArcToolbox\Toolboxes\Data Management Tools.tbx\CalculateField" Date="20161120" Time="223722">CalculateField TL_PUB_ALSFC PARKNG1 ltrim([PARKNG]) VB # TL_PUB_ALSFC</Process><Process ToolSource="C:\Program Files (x86)\ArcGIS\ArcToolbox\Toolboxes\Data Management Tools.tbx\CalculateField" Date="20161120" Time="223722">CalculateField TL_PUB_ALSFC SBRS1 ltrim([SBRS]) VB # TL_PUB_ALSFC</Process><Process ToolSource="C:\Program Files (x86)\ArcGIS\ArcToolbox\Toolboxes\Data Management Tools.tbx\CalculateField" Date="20161120" Time="223722">CalculateField TL_PUB_ALSFC FCLTY_INT1 ltrim([FCLTY_INTN]) VB # TL_PUB_ALSFC</Process><Process ToolSource="C:\Program Files (x86)\ArcGIS\ArcToolbox\Toolboxes\Data Management Tools.tbx\CalculateField" Date="20161120" Time="223723">CalculateField TL_PUB_ALSFC TM_X1 ltrim([TM_X]) VB # TL_PUB_ALSFC</Process><Process ToolSource="C:\Program Files (x86)\ArcGIS\ArcToolbox\Toolboxes\Data Management Tools.tbx\CalculateField" Date="20161120" Time="223723">CalculateField TL_PUB_ALSFC TM_Y1 ltrim([TM_Y]) VB # TL_PUB_ALSFC</Process><Process ToolSource="C:\Program Files (x86)\ArcGIS\ArcToolbox\Toolboxes\Data Management Tools.tbx\DeleteField" Date="20161120" Time="223723">DeleteField TL_PUB_ALSFC ALSFC_ID TL_PUB_ALSFC</Process><Process ToolSource="C:\Program Files (x86)\ArcGIS\ArcToolbox\Toolboxes\Data Management Tools.tbx\DeleteField" Date="20161120" Time="223723">DeleteField TL_PUB_ALSFC ALSFC_KEY TL_PUB_ALSFC</Process><Process ToolSource="C:\Program Files (x86)\ArcGIS\ArcToolbox\Toolboxes\Data Management Tools.tbx\DeleteField" Date="20161120" Time="223723">DeleteField TL_PUB_ALSFC ALSFC_NM TL_PUB_ALSFC</Process><Process ToolSource="C:\Program Files (x86)\ArcGIS\ArcToolbox\Toolboxes\Data Management Tools.tbx\DeleteField" Date="20161120" Time="223723">DeleteField TL_PUB_ALSFC ADRES TL_PUB_ALSFC</Process><Process ToolSource="C:\Program Files (x86)\ArcGIS\ArcToolbox\Toolboxes\Data Management Tools.tbx\DeleteField" Date="20161120" Time="223723">DeleteField TL_PUB_ALSFC OLD_ZIP TL_PUB_ALSFC</Process><Process ToolSource="C:\Program Files (x86)\ArcGIS\ArcToolbox\Toolboxes\Data Management Tools.tbx\DeleteField" Date="20161120" Time="223723">DeleteField TL_PUB_ALSFC HMPG TL_PUB_ALSFC</Process><Process ToolSource="C:\Program Files (x86)\ArcGIS\ArcToolbox\Toolboxes\Data Management Tools.tbx\DeleteField" Date="20161120" Time="223724">DeleteField TL_PUB_ALSFC EMAIL TL_PUB_ALSFC</Process><Process ToolSource="C:\Program Files (x86)\ArcGIS\ArcToolbox\Toolboxes\Data Management Tools.tbx\DeleteField" Date="20161120" Time="223724">DeleteField TL_PUB_ALSFC TELNO TL_PUB_ALSFC</Process><Process ToolSource="C:\Program Files (x86)\ArcGIS\ArcToolbox\Toolboxes\Data Management Tools.tbx\DeleteField" Date="20161120" Time="223724">DeleteField TL_PUB_ALSFC FXNUM TL_PUB_ALSFC</Process><Process ToolSource="C:\Program Files (x86)\ArcGIS\ArcToolbox\Toolboxes\Data Management Tools.tbx\DeleteField" Date="20161120" Time="223724">DeleteField TL_PUB_ALSFC POSESN_ORG TL_PUB_ALSFC</Process><Process ToolSource="C:\Program Files (x86)\ArcGIS\ArcToolbox\Toolboxes\Data Management Tools.tbx\DeleteField" Date="20161120" Time="223724">DeleteField TL_PUB_ALSFC OPER_STLE TL_PUB_ALSFC</Process><Process ToolSource="C:\Program Files (x86)\ArcGIS\ArcToolbox\Toolboxes\Data Management Tools.tbx\DeleteField" Date="20161120" Time="223724">DeleteField TL_PUB_ALSFC OPER_ORG TL_PUB_ALSFC</Process><Process ToolSource="C:\Program Files (x86)\ArcGIS\ArcToolbox\Toolboxes\Data Management Tools.tbx\DeleteField" Date="20161120" Time="223724">DeleteField TL_PUB_ALSFC PLOT_AREA TL_PUB_ALSFC</Process><Process ToolSource="C:\Program Files (x86)\ArcGIS\ArcToolbox\Toolboxes\Data Management Tools.tbx\DeleteField" Date="20161120" Time="223724">DeleteField TL_PUB_ALSFC BLDG_AREA TL_PUB_ALSFC</Process><Process ToolSource="C:\Program Files (x86)\ArcGIS\ArcToolbox\Toolboxes\Data Management Tools.tbx\DeleteField" Date="20161120" Time="223724">DeleteField TL_PUB_ALSFC TOTAR TL_PUB_ALSFC</Process><Process ToolSource="C:\Program Files (x86)\ArcGIS\ArcToolbox\Toolboxes\Data Management Tools.tbx\DeleteField" Date="20161120" Time="223724">DeleteField TL_PUB_ALSFC GROUND_FL TL_PUB_ALSFC</Process><Process ToolSource="C:\Program Files (x86)\ArcGIS\ArcToolbox\Toolboxes\Data Management Tools.tbx\DeleteField" Date="20161120" Time="223724">DeleteField TL_PUB_ALSFC UNDGRND_FL TL_PUB_ALSFC</Process><Process ToolSource="C:\Program Files (x86)\ArcGIS\ArcToolbox\Toolboxes\Data Management Tools.tbx\DeleteField" Date="20161120" Time="223724">DeleteField TL_PUB_ALSFC PARKNG TL_PUB_ALSFC</Process><Process ToolSource="C:\Program Files (x86)\ArcGIS\ArcToolbox\Toolboxes\Data Management Tools.tbx\DeleteField" Date="20161120" Time="223725">DeleteField TL_PUB_ALSFC SBRS TL_PUB_ALSFC</Process><Process ToolSource="C:\Program Files (x86)\ArcGIS\ArcToolbox\Toolboxes\Data Management Tools.tbx\DeleteField" Date="20161120" Time="223725">DeleteField TL_PUB_ALSFC FCLTY_INTN TL_PUB_ALSFC</Process><Process ToolSource="C:\Program Files (x86)\ArcGIS\ArcToolbox\Toolboxes\Data Management Tools.tbx\DeleteField" Date="20161120" Time="223725">DeleteField TL_PUB_ALSFC TM_X TL_PUB_ALSFC</Process><Process ToolSource="C:\Program Files (x86)\ArcGIS\ArcToolbox\Toolboxes\Data Management Tools.tbx\DeleteField" Date="20161120" Time="223725">DeleteField TL_PUB_ALSFC TM_Y TL_PUB_ALSFC</Process><Process ToolSource="C:\Program Files (x86)\ArcGIS\ArcToolbox\Toolboxes\Data Management Tools.tbx\AddField" Date="20161120" Time="223725">AddField TL_PUB_ALSFC ALSFC_ID DOUBLE 12 0 # # NON_NULLABLE NON_REQUIRED # TL_PUB_ALSFC</Process><Process ToolSource="C:\Program Files (x86)\ArcGIS\ArcToolbox\Toolboxes\Data Management Tools.tbx\AddField" Date="20161120" Time="223725">AddField TL_PUB_ALSFC ALSFC_KEY TEXT # # 50 # NON_NULLABLE NON_REQUIRED # TL_PUB_ALSFC</Process><Process ToolSource="C:\Program Files (x86)\ArcGIS\ArcToolbox\Toolboxes\Data Management Tools.tbx\AddField" Date="20161120" Time="223725">AddField TL_PUB_ALSFC ALSFC_NM TEXT # # 70 # NON_NULLABLE NON_REQUIRED # TL_PUB_ALSFC</Process><Process ToolSource="C:\Program Files (x86)\ArcGIS\ArcToolbox\Toolboxes\Data Management Tools.tbx\AddField" Date="20161120" Time="223725">AddField TL_PUB_ALSFC ADRES TEXT # # 150 # NON_NULLABLE NON_REQUIRED # TL_PUB_ALSFC</Process><Process ToolSource="C:\Program Files (x86)\ArcGIS\ArcToolbox\Toolboxes\Data Management Tools.tbx\AddField" Date="20161120" Time="223725">AddField TL_PUB_ALSFC OLD_ZIP TEXT # # 40 # NON_NULLABLE NON_REQUIRED # TL_PUB_ALSFC</Process><Process ToolSource="C:\Program Files (x86)\ArcGIS\ArcToolbox\Toolboxes\Data Management Tools.tbx\AddField" Date="20161120" Time="223725">AddField TL_PUB_ALSFC HMPG TEXT # # 580 # NON_NULLABLE NON_REQUIRED # TL_PUB_ALSFC</Process><Process ToolSource="C:\Program Files (x86)\ArcGIS\ArcToolbox\Toolboxes\Data Management Tools.tbx\AddField" Date="20161120" Time="223725">AddField TL_PUB_ALSFC EMAIL TEXT # # 120 # NON_NULLABLE NON_REQUIRED # TL_PUB_ALSFC</Process><Process ToolSource="C:\Program Files (x86)\ArcGIS\ArcToolbox\Toolboxes\Data Management Tools.tbx\AddField" Date="20161120" Time="223725">AddField TL_PUB_ALSFC TELNO TEXT # # 150 # NON_NULLABLE NON_REQUIRED # TL_PUB_ALSFC</Process><Process ToolSource="C:\Program Files (x86)\ArcGIS\ArcToolbox\Toolboxes\Data Management Tools.tbx\AddField" Date="20161120" Time="223726">AddField TL_PUB_ALSFC FXNUM TEXT # # 60 # NON_NULLABLE NON_REQUIRED # TL_PUB_ALSFC</Process><Process ToolSource="C:\Program Files (x86)\ArcGIS\ArcToolbox\Toolboxes\Data Management Tools.tbx\AddField" Date="20161120" Time="223726">AddField TL_PUB_ALSFC POSESN_ORG TEXT # # 40 # NON_NULLABLE NON_REQUIRED # TL_PUB_ALSFC</Process><Process ToolSource="C:\Program Files (x86)\ArcGIS\ArcToolbox\Toolboxes\Data Management Tools.tbx\AddField" Date="20161120" Time="223726">AddField TL_PUB_ALSFC OPER_STLE TEXT # # 110 # NON_NULLABLE NON_REQUIRED # TL_PUB_ALSFC</Process><Process ToolSource="C:\Program Files (x86)\ArcGIS\ArcToolbox\Toolboxes\Data Management Tools.tbx\AddField" Date="20161120" Time="223726">AddField TL_PUB_ALSFC OPER_ORG TEXT # # 130 # NON_NULLABLE NON_REQUIRED # TL_PUB_ALSFC</Process><Process ToolSource="C:\Program Files (x86)\ArcGIS\ArcToolbox\Toolboxes\Data Management Tools.tbx\AddField" Date="20161120" Time="223726">AddField TL_PUB_ALSFC PLOT_AREA DOUBLE 12 0 # # NON_NULLABLE NON_REQUIRED # TL_PUB_ALSFC</Process><Process ToolSource="C:\Program Files (x86)\ArcGIS\ArcToolbox\Toolboxes\Data Management Tools.tbx\AddField" Date="20161120" Time="223726">AddField TL_PUB_ALSFC BLDG_AREA DOUBLE 12 0 # # NON_NULLABLE NON_REQUIRED # TL_PUB_ALSFC</Process><Process ToolSource="C:\Program Files (x86)\ArcGIS\ArcToolbox\Toolboxes\Data Management Tools.tbx\AddField" Date="20161120" Time="223726">AddField TL_PUB_ALSFC TOTAR DOUBLE 12 0 # # NON_NULLABLE NON_REQUIRED # TL_PUB_ALSFC</Process><Process ToolSource="C:\Program Files (x86)\ArcGIS\ArcToolbox\Toolboxes\Data Management Tools.tbx\AddField" Date="20161120" Time="223726">AddField TL_PUB_ALSFC GROUND_FL DOUBLE 12 0 # # NON_NULLABLE NON_REQUIRED # TL_PUB_ALSFC</Process><Process ToolSource="C:\Program Files (x86)\ArcGIS\ArcToolbox\Toolboxes\Data Management Tools.tbx\AddField" Date="20161120" Time="223726">AddField TL_PUB_ALSFC UNDGRND_FL DOUBLE 12 0 # # NON_NULLABLE NON_REQUIRED # TL_PUB_ALSFC</Process><Process ToolSource="C:\Program Files (x86)\ArcGIS\ArcToolbox\Toolboxes\Data Management Tools.tbx\AddField" Date="20161120" Time="223726">AddField TL_PUB_ALSFC PARKNG DOUBLE 12 0 # # NON_NULLABLE NON_REQUIRED # TL_PUB_ALSFC</Process><Process ToolSource="C:\Program Files (x86)\ArcGIS\ArcToolbox\Toolboxes\Data Management Tools.tbx\AddField" Date="20161120" Time="223726">AddField TL_PUB_ALSFC SBRS TEXT # # 320 # NON_NULLABLE NON_REQUIRED # TL_PUB_ALSFC</Process><Process ToolSource="C:\Program Files (x86)\ArcGIS\ArcToolbox\Toolboxes\Data Management Tools.tbx\AddField" Date="20161120" Time="223727">AddField TL_PUB_ALSFC FCLTY_INTN TEXT # # 660 # NON_NULLABLE NON_REQUIRED # TL_PUB_ALSFC</Process><Process ToolSource="C:\Program Files (x86)\ArcGIS\ArcToolbox\Toolboxes\Data Management Tools.tbx\AddField" Date="20161120" Time="223727">AddField TL_PUB_ALSFC TM_X DOUBLE 12 6 # # NON_NULLABLE NON_REQUIRED # TL_PUB_ALSFC</Process><Process ToolSource="C:\Program Files (x86)\ArcGIS\ArcToolbox\Toolboxes\Data Management Tools.tbx\AddField" Date="20161120" Time="223727">AddField TL_PUB_ALSFC TM_Y DOUBLE 12 6 # # NON_NULLABLE NON_REQUIRED # TL_PUB_ALSFC</Process><Process ToolSource="C:\Program Files (x86)\ArcGIS\ArcToolbox\Toolboxes\Data Management Tools.tbx\CalculateField" Date="20161120" Time="223727">CalculateField TL_PUB_ALSFC ALSFC_ID ltrim([ALSFC_ID1]) VB # TL_PUB_ALSFC</Process><Process ToolSource="C:\Program Files (x86)\ArcGIS\ArcToolbox\Toolboxes\Data Management Tools.tbx\CalculateField" Date="20161120" Time="223727">CalculateField TL_PUB_ALSFC ALSFC_KEY ltrim([ALSFC_KEY1]) VB # TL_PUB_ALSFC</Process><Process ToolSource="C:\Program Files (x86)\ArcGIS\ArcToolbox\Toolboxes\Data Management Tools.tbx\CalculateField" Date="20161120" Time="223727">CalculateField TL_PUB_ALSFC ALSFC_NM ltrim([ALSFC_NM1]) VB # TL_PUB_ALSFC</Process><Process ToolSource="C:\Program Files (x86)\ArcGIS\ArcToolbox\Toolboxes\Data Management Tools.tbx\CalculateField" Date="20161120" Time="223728">CalculateField TL_PUB_ALSFC ADRES ltrim([ADRES1]) VB # TL_PUB_ALSFC</Process><Process ToolSource="C:\Program Files (x86)\ArcGIS\ArcToolbox\Toolboxes\Data Management Tools.tbx\CalculateField" Date="20161120" Time="223728">CalculateField TL_PUB_ALSFC OLD_ZIP ltrim([OLD_ZIP1]) VB # TL_PUB_ALSFC</Process><Process ToolSource="C:\Program Files (x86)\ArcGIS\ArcToolbox\Toolboxes\Data Management Tools.tbx\CalculateField" Date="20161120" Time="223728">CalculateField TL_PUB_ALSFC HMPG ltrim([HMPG1]) VB # TL_PUB_ALSFC</Process><Process ToolSource="C:\Program Files (x86)\ArcGIS\ArcToolbox\Toolboxes\Data Management Tools.tbx\CalculateField" Date="20161120" Time="223728">CalculateField TL_PUB_ALSFC EMAIL ltrim([EMAIL1]) VB # TL_PUB_ALSFC</Process><Process ToolSource="C:\Program Files (x86)\ArcGIS\ArcToolbox\Toolboxes\Data Management Tools.tbx\CalculateField" Date="20161120" Time="223729">CalculateField TL_PUB_ALSFC TELNO ltrim([TELNO1]) VB # TL_PUB_ALSFC</Process><Process ToolSource="C:\Program Files (x86)\ArcGIS\ArcToolbox\Toolboxes\Data Management Tools.tbx\CalculateField" Date="20161120" Time="223729">CalculateField TL_PUB_ALSFC FXNUM ltrim([FXNUM1]) VB # TL_PUB_ALSFC</Process><Process ToolSource="C:\Program Files (x86)\ArcGIS\ArcToolbox\Toolboxes\Data Management Tools.tbx\CalculateField" Date="20161120" Time="223729">CalculateField TL_PUB_ALSFC POSESN_ORG ltrim([POSESN_OR1]) VB # TL_PUB_ALSFC</Process><Process ToolSource="C:\Program Files (x86)\ArcGIS\ArcToolbox\Toolboxes\Data Management Tools.tbx\CalculateField" Date="20161120" Time="223729">CalculateField TL_PUB_ALSFC OPER_STLE ltrim([OPER_STLE1]) VB # TL_PUB_ALSFC</Process><Process ToolSource="C:\Program Files (x86)\ArcGIS\ArcToolbox\Toolboxes\Data Management Tools.tbx\CalculateField" Date="20161120" Time="223730">CalculateField TL_PUB_ALSFC OPER_ORG ltrim([OPER_ORG1]) VB # TL_PUB_ALSFC</Process><Process ToolSource="C:\Program Files (x86)\ArcGIS\ArcToolbox\Toolboxes\Data Management Tools.tbx\CalculateField" Date="20161120" Time="223730">CalculateField TL_PUB_ALSFC PLOT_AREA ltrim([PLOT_AREA1]) VB # TL_PUB_ALSFC</Process><Process ToolSource="C:\Program Files (x86)\ArcGIS\ArcToolbox\Toolboxes\Data Management Tools.tbx\CalculateField" Date="20161120" Time="223730">CalculateField TL_PUB_ALSFC BLDG_AREA ltrim([BLDG_AREA1]) VB # TL_PUB_ALSFC</Process><Process ToolSource="C:\Program Files (x86)\ArcGIS\ArcToolbox\Toolboxes\Data Management Tools.tbx\CalculateField" Date="20161120" Time="223730">CalculateField TL_PUB_ALSFC TOTAR ltrim([TOTAR1]) VB # TL_PUB_ALSFC</Process><Process ToolSource="C:\Program Files (x86)\ArcGIS\ArcToolbox\Toolboxes\Data Management Tools.tbx\CalculateField" Date="20161120" Time="223731">CalculateField TL_PUB_ALSFC GROUND_FL ltrim([GROUND_FL1]) VB # TL_PUB_ALSFC</Process><Process ToolSource="C:\Program Files (x86)\ArcGIS\ArcToolbox\Toolboxes\Data Management Tools.tbx\CalculateField" Date="20161120" Time="223731">CalculateField TL_PUB_ALSFC UNDGRND_FL ltrim([UNDGRND_F1]) VB # TL_PUB_ALSFC</Process><Process ToolSource="C:\Program Files (x86)\ArcGIS\ArcToolbox\Toolboxes\Data Management Tools.tbx\CalculateField" Date="20161120" Time="223731">CalculateField TL_PUB_ALSFC PARKNG ltrim([PARKNG1]) VB # TL_PUB_ALSFC</Process><Process ToolSource="C:\Program Files (x86)\ArcGIS\ArcToolbox\Toolboxes\Data Management Tools.tbx\CalculateField" Date="20161120" Time="223731">CalculateField TL_PUB_ALSFC SBRS ltrim([SBRS1]) VB # TL_PUB_ALSFC</Process><Process ToolSource="C:\Program Files (x86)\ArcGIS\ArcToolbox\Toolboxes\Data Management Tools.tbx\CalculateField" Date="20161120" Time="223732">CalculateField TL_PUB_ALSFC FCLTY_INTN ltrim([FCLTY_INT1]) VB # TL_PUB_ALSFC</Process><Process ToolSource="C:\Program Files (x86)\ArcGIS\ArcToolbox\Toolboxes\Data Management Tools.tbx\CalculateField" Date="20161120" Time="223732">CalculateField TL_PUB_ALSFC TM_X ltrim([TM_X1]) VB # TL_PUB_ALSFC</Process><Process ToolSource="C:\Program Files (x86)\ArcGIS\ArcToolbox\Toolboxes\Data Management Tools.tbx\CalculateField" Date="20161120" Time="223732">CalculateField TL_PUB_ALSFC TM_Y ltrim([TM_Y1]) VB # TL_PUB_ALSFC</Process><Process ToolSource="C:\Program Files (x86)\ArcGIS\ArcToolbox\Toolboxes\Data Management Tools.tbx\DeleteField" Date="20161120" Time="223732">DeleteField TL_PUB_ALSFC ALSFC_ID1 TL_PUB_ALSFC</Process><Process ToolSource="C:\Program Files (x86)\ArcGIS\ArcToolbox\Toolboxes\Data Management Tools.tbx\DeleteField" Date="20161120" Time="223732">DeleteField TL_PUB_ALSFC ALSFC_KEY1 TL_PUB_ALSFC</Process><Process ToolSource="C:\Program Files (x86)\ArcGIS\ArcToolbox\Toolboxes\Data Management Tools.tbx\DeleteField" Date="20161120" Time="223732">DeleteField TL_PUB_ALSFC ALSFC_NM1 TL_PUB_ALSFC</Process><Process ToolSource="C:\Program Files (x86)\ArcGIS\ArcToolbox\Toolboxes\Data Management Tools.tbx\DeleteField" Date="20161120" Time="223733">DeleteField TL_PUB_ALSFC ADRES1 TL_PUB_ALSFC</Process><Process ToolSource="C:\Program Files (x86)\ArcGIS\ArcToolbox\Toolboxes\Data Management Tools.tbx\DeleteField" Date="20161120" Time="223733">DeleteField TL_PUB_ALSFC OLD_ZIP1 TL_PUB_ALSFC</Process><Process ToolSource="C:\Program Files (x86)\ArcGIS\ArcToolbox\Toolboxes\Data Management Tools.tbx\DeleteField" Date="20161120" Time="223733">DeleteField TL_PUB_ALSFC HMPG1 TL_PUB_ALSFC</Process><Process ToolSource="C:\Program Files (x86)\ArcGIS\ArcToolbox\Toolboxes\Data Management Tools.tbx\DeleteField" Date="20161120" Time="223733">DeleteField TL_PUB_ALSFC EMAIL1 TL_PUB_ALSFC</Process><Process ToolSource="C:\Program Files (x86)\ArcGIS\ArcToolbox\Toolboxes\Data Management Tools.tbx\DeleteField" Date="20161120" Time="223733">DeleteField TL_PUB_ALSFC TELNO1 TL_PUB_ALSFC</Process><Process ToolSource="C:\Program Files (x86)\ArcGIS\ArcToolbox\Toolboxes\Data Management Tools.tbx\DeleteField" Date="20161120" Time="223733">DeleteField TL_PUB_ALSFC FXNUM1 TL_PUB_ALSFC</Process><Process ToolSource="C:\Program Files (x86)\ArcGIS\ArcToolbox\Toolboxes\Data Management Tools.tbx\DeleteField" Date="20161120" Time="223733">DeleteField TL_PUB_ALSFC POSESN_OR1 TL_PUB_ALSFC</Process><Process ToolSource="C:\Program Files (x86)\ArcGIS\ArcToolbox\Toolboxes\Data Management Tools.tbx\DeleteField" Date="20161120" Time="223733">DeleteField TL_PUB_ALSFC OPER_STLE1 TL_PUB_ALSFC</Process><Process ToolSource="C:\Program Files (x86)\ArcGIS\ArcToolbox\Toolboxes\Data Management Tools.tbx\DeleteField" Date="20161120" Time="223733">DeleteField TL_PUB_ALSFC OPER_ORG1 TL_PUB_ALSFC</Process><Process ToolSource="C:\Program Files (x86)\ArcGIS\ArcToolbox\Toolboxes\Data Management Tools.tbx\DeleteField" Date="20161120" Time="223733">DeleteField TL_PUB_ALSFC PLOT_AREA1 TL_PUB_ALSFC</Process><Process ToolSource="C:\Program Files (x86)\ArcGIS\ArcToolbox\Toolboxes\Data Management Tools.tbx\DeleteField" Date="20161120" Time="223733">DeleteField TL_PUB_ALSFC BLDG_AREA1 TL_PUB_ALSFC</Process><Process ToolSource="C:\Program Files (x86)\ArcGIS\ArcToolbox\Toolboxes\Data Management Tools.tbx\DeleteField" Date="20161120" Time="223734">DeleteField TL_PUB_ALSFC TOTAR1 TL_PUB_ALSFC</Process><Process ToolSource="C:\Program Files (x86)\ArcGIS\ArcToolbox\Toolboxes\Data Management Tools.tbx\DeleteField" Date="20161120" Time="223734">DeleteField TL_PUB_ALSFC GROUND_FL1 TL_PUB_ALSFC</Process><Process ToolSource="C:\Program Files (x86)\ArcGIS\ArcToolbox\Toolboxes\Data Management Tools.tbx\DeleteField" Date="20161120" Time="223734">DeleteField TL_PUB_ALSFC UNDGRND_F1 TL_PUB_ALSFC</Process><Process ToolSource="C:\Program Files (x86)\ArcGIS\ArcToolbox\Toolboxes\Data Management Tools.tbx\DeleteField" Date="20161120" Time="223734">DeleteField TL_PUB_ALSFC PARKNG1 TL_PUB_ALSFC</Process><Process ToolSource="C:\Program Files (x86)\ArcGIS\ArcToolbox\Toolboxes\Data Management Tools.tbx\DeleteField" Date="20161120" Time="223734">DeleteField TL_PUB_ALSFC SBRS1 TL_PUB_ALSFC</Process><Process ToolSource="C:\Program Files (x86)\ArcGIS\ArcToolbox\Toolboxes\Data Management Tools.tbx\DeleteField" Date="20161120" Time="223734">DeleteField TL_PUB_ALSFC FCLTY_INT1 TL_PUB_ALSFC</Process><Process ToolSource="C:\Program Files (x86)\ArcGIS\ArcToolbox\Toolboxes\Data Management Tools.tbx\DeleteField" Date="20161120" Time="223734">DeleteField TL_PUB_ALSFC TM_X1 TL_PUB_ALSFC</Process><Process ToolSource="C:\Program Files (x86)\ArcGIS\ArcToolbox\Toolboxes\Data Management Tools.tbx\DeleteField" Date="20161120" Time="223734">DeleteField TL_PUB_ALSFC TM_Y1 TL_PUB_ALSFC</Process><Process ToolSource="C:\Program Files (x86)\ArcGIS\ArcToolbox\Toolboxes\Data Management Tools.tbx\CopyFeatures" Date="20171121" Time="003649">CopyFeatures D:\SDW_2017_행정자료공간정보구축\DB탑재\추가10종\COM_EDIT_완료\TL_PUB_ALSFC.shp "Database Connections\Connection to 98.33.0.62 sdw.sde\SDW.DATA_COMMON_07_EXT02\SDW.TL_PUB_ALSFC" # 0 0 0</Process><Process ToolSource="c:\program files (x86)\arcgis\desktop10.1\ArcToolbox\Toolboxes\Conversion Tools.tbx\FeatureClassToFeatureClass" Date="20171124" Time="110747">FeatureClassToFeatureClass SVR11.sde\SDW.TL_PUB_ALSFC d:\ett_backup\SVR11_LYR000014010\2017-11-24\2708 SDW_TL_PUB_ALSFC.shp # "ALSFC_ID "ALSFC_ID" true true false 8 Double 0 12 ,First,#,SVR11.sde\SDW.TL_PUB_ALSFC,ALSFC_ID,-1,-1;ALSFC_KEY "ALSFC_KEY" true true false 50 Text 0 0 ,First,#,SVR11.sde\SDW.TL_PUB_ALSFC,ALSFC_KEY,-1,-1;ALSFC_NM "ALSFC_NM" true true false 70 Text 0 0 ,First,#,SVR11.sde\SDW.TL_PUB_ALSFC,ALSFC_NM,-1,-1;ADRES "ADRES" true true false 150 Text 0 0 ,First,#,SVR11.sde\SDW.TL_PUB_ALSFC,ADRES,-1,-1;OLD_ZIP "OLD_ZIP" true true false 40 Text 0 0 ,First,#,SVR11.sde\SDW.TL_PUB_ALSFC,OLD_ZIP,-1,-1;HMPG "HMPG" true true false 254 Text 0 0 ,First,#,SVR11.sde\SDW.TL_PUB_ALSFC,HMPG,-1,-1;EMAIL "EMAIL" true true false 120 Text 0 0 ,First,#,SVR11.sde\SDW.TL_PUB_ALSFC,EMAIL,-1,-1;TELNO "TELNO" true true false 150 Text 0 0 ,First,#,SVR11.sde\SDW.TL_PUB_ALSFC,TELNO,-1,-1;FXNUM "FXNUM" true true false 60 Text 0 0 ,First,#,SVR11.sde\SDW.TL_PUB_ALSFC,FXNUM,-1,-1;POSESN_ORG "POSESN_ORG" true true false 40 Text 0 0 ,First,#,SVR11.sde\SDW.TL_PUB_ALSFC,POSESN_ORG,-1,-1;OPER_STLE "OPER_STLE" true true false 110 Text 0 0 ,First,#,SVR11.sde\SDW.TL_PUB_ALSFC,OPER_STLE,-1,-1;OPER_ORG "OPER_ORG" true true false 130 Text 0 0 ,First,#,SVR11.sde\SDW.TL_PUB_ALSFC,OPER_ORG,-1,-1;PLOT_AREA "PLOT_AREA" true true false 8 Double 0 12 ,First,#,SVR11.sde\SDW.TL_PUB_ALSFC,PLOT_AREA,-1,-1;BLDG_AREA "BLDG_AREA" true true false 8 Double 0 12 ,First,#,SVR11.sde\SDW.TL_PUB_ALSFC,BLDG_AREA,-1,-1;TOTAR "TOTAR" true true false 8 Double 0 12 ,First,#,SVR11.sde\SDW.TL_PUB_ALSFC,TOTAR,-1,-1;GROUND_FL "GROUND_FL" true true false 8 Double 0 12 ,First,#,SVR11.sde\SDW.TL_PUB_ALSFC,GROUND_FL,-1,-1;UNDGRND_FL "UNDGRND_FL" true true false 8 Double 0 12 ,First,#,SVR11.sde\SDW.TL_PUB_ALSFC,UNDGRND_FL,-1,-1;PARKNG "PARKNG" true true false 8 Double 0 12 ,First,#,SVR11.sde\SDW.TL_PUB_ALSFC,PARKNG,-1,-1;SBRS "SBRS" true true false 254 Text 0 0 ,First,#,SVR11.sde\SDW.TL_PUB_ALSFC,SBRS,-1,-1;TM_X "TM_X" true true false 8 Double 6 18 ,First,#,SVR11.sde\SDW.TL_PUB_ALSFC,TM_X,-1,-1;TM_Y "TM_Y" true true false 8 Double 6 18 ,First,#,SVR11.sde\SDW.TL_PUB_ALSFC,TM_Y,-1,-1" #</Process></lineage><itemProps><itemName Sync="TRUE">SDW_TL_PUB_ALSFC</itemName><imsContentType Sync="TRUE">002</imsContentType><itemSize Sync="TRUE">0.000</itemSize><itemLocation><linkage Sync="TRUE">file://\\OLAPSDW\D$\ett_backup\SVR11_LYR000014010\2017-11-24\2708\SDW_TL_PUB_ALSFC.shp</linkage><protocol Sync="TRUE">Local Area Network</protocol></itemLocation></itemProps><coordRef><type Sync="TRUE">Projected</type><geogcsn Sync="TRUE">GCS_ITRF_2000</geogcsn><csUnits Sync="TRUE">Linear Unit: Meter (1.000000)</csUnits><projcsn Sync="TRUE">PCS_ITRF2000_TM_1</projcsn><peXml Sync="TRUE">&lt;ProjectedCoordinateSystem xsi:type='typens:ProjectedCoordinateSystem' xmlns:xsi='http://www.w3.org/2001/XMLSchema-instance' xmlns:xs='http://www.w3.org/2001/XMLSchema' xmlns:typens='http://www.esri.com/schemas/ArcGIS/10.1'&gt;&lt;WKT&gt;PROJCS[&amp;quot;PCS_ITRF2000_TM_1&amp;quot;,GEOGCS[&amp;quot;GCS_ITRF_2000&amp;quot;,DATUM[&amp;quot;D_ITRF_2000&amp;quot;,SPHEROID[&amp;quot;GRS_1980&amp;quot;,6378137.0,298.257222101]],PRIMEM[&amp;quot;Greenwich&amp;quot;,0.0],UNIT[&amp;quot;Degree&amp;quot;,0.0174532925199433]],PROJECTION[&amp;quot;Transverse_Mercator&amp;quot;],PARAMETER[&amp;quot;False_Easting&amp;quot;,200000.0],PARAMETER[&amp;quot;False_Northing&amp;quot;,600000.0],PARAMETER[&amp;quot;Central_Meridian&amp;quot;,127.0],PARAMETER[&amp;quot;Scale_Factor&amp;quot;,1.0],PARAMETER[&amp;quot;Latitude_Of_Origin&amp;quot;,38.0],UNIT[&amp;quot;Meter&amp;quot;,1.0]]&lt;/WKT&gt;&lt;XOrigin&gt;-5423200&lt;/XOrigin&gt;&lt;YOrigin&gt;-13609600&lt;/YOrigin&gt;&lt;XYScale&gt;450265407.00157917&lt;/XYScale&gt;&lt;ZOrigin&gt;-100000&lt;/ZOrigin&gt;&lt;ZScale&gt;10000&lt;/ZScale&gt;&lt;MOrigin&gt;-100000&lt;/MOrigin&gt;&lt;MScale&gt;10000&lt;/MScale&gt;&lt;XYTolerance&gt;0.001&lt;/XYTolerance&gt;&lt;ZTolerance&gt;0.001&lt;/ZTolerance&gt;&lt;MTolerance&gt;0.001&lt;/MTolerance&gt;&lt;HighPrecision&gt;true&lt;/HighPrecision&gt;&lt;/ProjectedCoordinateSystem&gt;</peXml></coordRef></DataProperties></Esri><idinfo><native Sync="TRUE">Microsoft Windows Vista Version 6.1 (Build 7601) Service Pack 1; ESRI ArcCatalog 9.3.1.4000</native><descript><langdata Sync="TRUE">ko</langdata><abstract>REQUIRED: A brief narrative summary of the data set.</abstract><purpose>REQUIRED: A summary of the intentions with which the data set was developed.</purpose></descript><citation><citeinfo><origin>REQUIRED: The name of an organization or individual that developed the data set.</origin><pubdate>REQUIRED: The date when the data set is published or otherwise made available for release.</pubdate><title Sync="TRUE">SDW.TL_PUB_ALSFC</title><ftname Sync="TRUE">SDW.TL_PUB_ALSFC</ftname><geoform Sync="TRUE">vector digital data</geoform><onlink Sync="TRUE">Server=98.33.0.62; Service=5151/tcp; User=sdw; Version=SDE.DEFAULT</onlink></citeinfo></citation><timeperd><current>REQUIRED: The basis on which the time period of content information is determined.</current><timeinfo><sngdate><caldate>REQUIRED: The year (and optionally month, or month and day) for which the data set corresponds to the ground.</caldate></sngdate></timeinfo></timeperd><status><progress>REQUIRED: The state of the data set.</progress><update>REQUIRED: The frequency with which changes and additions are made to the data set after the initial data set is completed.</update></status><spdom><bounding><westbc Sync="TRUE">REQUIRED: Western-most coordinate of the limit of coverage expressed in longitude.</westbc><eastbc Sync="TRUE">REQUIRED: Eastern-most coordinate of the limit of coverage expressed in longitude.</eastbc><northbc Sync="TRUE">REQUIRED: Northern-most coordinate of the limit of coverage expressed in latitude.</northbc><southbc Sync="TRUE">REQUIRED: Southern-most coordinate of the limit of coverage expressed in latitude.</southbc></bounding></spdom><keywords><theme><themekt>REQUIRED: Reference to a formally registered thesaurus or a similar authoritative source of theme keywords.</themekt><themekey>REQUIRED: Common-use word or phrase used to describe the subject of the data set.</themekey></theme></keywords><accconst>REQUIRED: Restrictions and legal prerequisites for accessing the data set.</accconst><useconst>REQUIRED: Restrictions and legal prerequisites for using the data set after access is granted.</useconst><natvform Sync="TRUE">SDE Feature Class</natvform></idinfo><dataIdInfo><envirDesc Sync="TRUE">Microsoft Windows Server 2008 R2 Version 6.1 (Build 7601) Service Pack 1; Esri ArcGIS 10.1.1.3143</envirDesc><dataLang><languageCode Sync="TRUE" value="kor"></languageCode><countryCode value="KOR" Sync="TRUE"></countryCode></dataLang><idCitation><resTitle Sync="TRUE">SDW_TL_PUB_ALSFC</resTitle><presForm><PresFormCd Sync="TRUE" value="005"></PresFormCd></presForm></idCitation><spatRpType><SpatRepTypCd Sync="TRUE" value="001"></SpatRepTypCd></spatRpType></dataIdInfo><metainfo><langmeta Sync="TRUE">ko</langmeta><metstdn Sync="TRUE">FGDC Content Standards for Digital Geospatial Metadata</metstdn><metstdv Sync="TRUE">FGDC-STD-001-1998</metstdv><mettc Sync="TRUE">local time</mettc><metc><cntinfo><cntorgp><cntper>REQUIRED: The person responsible for the metadata information.</cntper><cntorg>REQUIRED: The organization responsible for the metadata information.</cntorg></cntorgp><cntaddr><addrtype>REQUIRED: The mailing and/or physical address for the organization or individual.</addrtype><city>REQUIRED: The city of the address.</city><state>REQUIRED: The state or province of the address.</state><postal>REQUIRED: The ZIP or other postal code of the address.</postal></cntaddr><cntvoice>REQUIRED: The telephone number by which individuals can speak to the organization or individual.</cntvoice></cntinfo></metc><metd Sync="TRUE">20171121</metd></metainfo><mdLang><languageCode Sync="TRUE" value="kor"></languageCode><countryCode value="KOR" Sync="TRUE"></countryCode></mdLang><mdStanName Sync="TRUE">ISO 19115 Geographic Information - Metadata</mdStanName><mdStanVer Sync="TRUE">DIS_ESRI1.0</mdStanVer><mdChar><CharSetCd Sync="TRUE" value="004"></CharSetCd></mdChar><mdHrLv><ScopeCd Sync="TRUE" value="005"></ScopeCd></mdHrLv><mdHrLvName Sync="TRUE">dataset</mdHrLvName><distinfo><resdesc Sync="TRUE">Downloadable Data</resdesc><stdorder><digform><digtinfo><transize Sync="TRUE">0.000</transize><dssize Sync="TRUE">0.000</dssize></digtinfo></digform></stdorder></distinfo><distInfo><distributor><distorTran><onLineSrc><orDesc Sync="TRUE">002</orDesc><linkage Sync="TRUE">Server=98.33.0.62; Service=5151/tcp; User=sdw; Version=SDE.DEFAULT</linkage><protocol Sync="TRUE">ArcSDE Connection</protocol></onLineSrc><transSize Sync="TRUE">0.000</transSize></distorTran><distorFormat><formatName Sync="TRUE">SDE Feature Class</formatName></distorFormat></distributor><distFormat><formatName Sync="TRUE">Shapefile</formatName></distFormat><distTranOps><transSize Sync="TRUE">0.000</transSize></distTranOps></distInfo><spdoinfo><direct Sync="TRUE">Vector</direct><ptvctinf><esriterm Name="SDW_TL_PUB_ALSFC"><efeatyp Sync="TRUE">Simple</efeatyp><efeageom code="1" Sync="TRUE"></efeageom><esritopo Sync="TRUE">FALSE</esritopo><efeacnt Sync="TRUE">0</efeacnt><spindex Sync="TRUE">FALSE</spindex><linrefer Sync="TRUE">FALSE</linrefer></esriterm></ptvctinf></spdoinfo><spatRepInfo><VectSpatRep><geometObjs Name="SDW_TL_PUB_ALSFC"><geoObjTyp><GeoObjTypCd value="004" Sync="TRUE"></GeoObjTypCd></geoObjTyp><geoObjCnt Sync="TRUE">0</geoObjCnt></geometObjs><topLvl><TopoLevCd value="001" Sync="TRUE"></TopoLevCd></topLvl></VectSpatRep></spatRepInfo><eainfo><detailed Name="SDW_TL_PUB_ALSFC"><enttyp><enttypl Sync="TRUE">SDW_TL_PUB_ALSFC</enttypl><enttypt Sync="TRUE">Feature Class</enttypt><enttypc Sync="TRUE">0</enttypc></enttyp><attr><attrlabl Sync="TRUE">FID</attrlabl><attalias Sync="TRUE">FID</attalias><attrtype Sync="TRUE">OID</attrtype><attwidth Sync="TRUE">4</attwidth><atprecis Sync="TRUE">0</atprecis><attscale Sync="TRUE">0</attscale><attrdef Sync="TRUE">Internal feature number.</attrdef><attrdefs Sync="TRUE">Esri</attrdefs><attrdomv><udom Sync="TRUE">Sequential unique whole numbers that are automatically generated.</udom></attrdomv></attr><attr><attrlabl Sync="TRUE">Shape</attrlabl><attalias Sync="TRUE">Shape</attalias><attrtype Sync="TRUE">Geometry</attrtype><attwidth Sync="TRUE">0</attwidth><atprecis Sync="TRUE">0</atprecis><attscale Sync="TRUE">0</attscale><attrdef Sync="TRUE">Feature geometry.</attrdef><attrdefs Sync="TRUE">ESRI</attrdefs><attrdomv><udom Sync="TRUE">Coordinates defining the features.</udom></attrdomv></attr><attr><attrlabl Sync="TRUE">ALSFC_ID</attrlabl><attalias Sync="TRUE">ALSFC_ID</attalias><attrtype Sync="TRUE">Double</attrtype><attwidth Sync="TRUE">12</attwidth><atprecis Sync="TRUE">12</atprecis><attscale Sync="TRUE">0</attscale></attr><attr><attrlabl Sync="TRUE">ALSFC_KEY</attrlabl><attalias Sync="TRUE">ALSFC_KEY</attalias><attrtype Sync="TRUE">String</attrtype><attwidth Sync="TRUE">50</attwidth><atprecis Sync="TRUE">0</atprecis><attscale Sync="TRUE">0</attscale></attr><attr><attrlabl Sync="TRUE">ALSFC_NM</attrlabl><attalias Sync="TRUE">ALSFC_NM</attalias><attrtype Sync="TRUE">String</attrtype><attwidth Sync="TRUE">70</attwidth><atprecis Sync="TRUE">0</atprecis><attscale Sync="TRUE">0</attscale></attr><attr><attrlabl Sync="TRUE">ADRES</attrlabl><attalias Sync="TRUE">ADRES</attalias><attrtype Sync="TRUE">String</attrtype><attwidth Sync="TRUE">150</attwidth><atprecis Sync="TRUE">0</atprecis><attscale Sync="TRUE">0</attscale></attr><attr><attrlabl Sync="TRUE">OLD_ZIP</attrlabl><attalias Sync="TRUE">OLD_ZIP</attalias><attrtype Sync="TRUE">String</attrtype><attwidth Sync="TRUE">40</attwidth><atprecis Sync="TRUE">0</atprecis><attscale Sync="TRUE">0</attscale></attr><attr><attrlabl Sync="TRUE">HMPG</attrlabl><attalias Sync="TRUE">HMPG</attalias><attrtype Sync="TRUE">String</attrtype><attwidth Sync="TRUE">254</attwidth><atprecis Sync="TRUE">0</atprecis><attscale Sync="TRUE">0</attscale></attr><attr><attrlabl Sync="TRUE">EMAIL</attrlabl><attalias Sync="TRUE">EMAIL</attalias><attrtype Sync="TRUE">String</attrtype><attwidth Sync="TRUE">120</attwidth><atprecis Sync="TRUE">0</atprecis><attscale Sync="TRUE">0</attscale></attr><attr><attrlabl Sync="TRUE">TELNO</attrlabl><attalias Sync="TRUE">TELNO</attalias><attrtype Sync="TRUE">String</attrtype><attwidth Sync="TRUE">150</attwidth><atprecis Sync="TRUE">0</atprecis><attscale Sync="TRUE">0</attscale></attr><attr><attrlabl Sync="TRUE">FXNUM</attrlabl><attalias Sync="TRUE">FXNUM</attalias><attrtype Sync="TRUE">String</attrtype><attwidth Sync="TRUE">60</attwidth><atprecis Sync="TRUE">0</atprecis><attscale Sync="TRUE">0</attscale></attr><attr><attrlabl Sync="TRUE">POSESN_ORG</attrlabl><attalias Sync="TRUE">POSESN_ORG</attalias><attrtype Sync="TRUE">String</attrtype><attwidth Sync="TRUE">40</attwidth><atprecis Sync="TRUE">0</atprecis><attscale Sync="TRUE">0</attscale></attr><attr><attrlabl Sync="TRUE">OPER_STLE</attrlabl><attalias Sync="TRUE">OPER_STLE</attalias><attrtype Sync="TRUE">String</attrtype><attwidth Sync="TRUE">110</attwidth><atprecis Sync="TRUE">0</atprecis><attscale Sync="TRUE">0</attscale></attr><attr><attrlabl Sync="TRUE">OPER_ORG</attrlabl><attalias Sync="TRUE">OPER_ORG</attalias><attrtype Sync="TRUE">String</attrtype><attwidth Sync="TRUE">130</attwidth><atprecis Sync="TRUE">0</atprecis><attscale Sync="TRUE">0</attscale></attr><attr><attrlabl Sync="TRUE">PLOT_AREA</attrlabl><attalias Sync="TRUE">PLOT_AREA</attalias><attrtype Sync="TRUE">Double</attrtype><attwidth Sync="TRUE">12</attwidth><atprecis Sync="TRUE">12</atprecis><attscale Sync="TRUE">0</attscale></attr><attr><attrlabl Sync="TRUE">BLDG_AREA</attrlabl><attalias Sync="TRUE">BLDG_AREA</attalias><attrtype Sync="TRUE">Double</attrtype><attwidth Sync="TRUE">12</attwidth><atprecis Sync="TRUE">12</atprecis><attscale Sync="TRUE">0</attscale></attr><attr><attrlabl Sync="TRUE">TOTAR</attrlabl><attalias Sync="TRUE">TOTAR</attalias><attrtype Sync="TRUE">Double</attrtype><attwidth Sync="TRUE">12</attwidth><atprecis Sync="TRUE">12</atprecis><attscale Sync="TRUE">0</attscale></attr><attr><attrlabl Sync="TRUE">GROUND_FL</attrlabl><attalias Sync="TRUE">GROUND_FL</attalias><attrtype Sync="TRUE">Double</attrtype><attwidth Sync="TRUE">12</attwidth><atprecis Sync="TRUE">12</atprecis><attscale Sync="TRUE">0</attscale></attr><attr><attrlabl Sync="TRUE">UNDGRND_FL</attrlabl><attalias Sync="TRUE">UNDGRND_FL</attalias><attrtype Sync="TRUE">Double</attrtype><attwidth Sync="TRUE">12</attwidth><atprecis Sync="TRUE">12</atprecis><attscale Sync="TRUE">0</attscale></attr><attr><attrlabl Sync="TRUE">PARKNG</attrlabl><attalias Sync="TRUE">PARKNG</attalias><attrtype Sync="TRUE">Double</attrtype><attwidth Sync="TRUE">12</attwidth><atprecis Sync="TRUE">12</atprecis><attscale Sync="TRUE">0</attscale></attr><attr><attrlabl Sync="TRUE">SBRS</attrlabl><attalias Sync="TRUE">SBRS</attalias><attrtype Sync="TRUE">String</attrtype><attwidth Sync="TRUE">254</attwidth><atprecis Sync="TRUE">0</atprecis><attscale Sync="TRUE">0</attscale></attr><attr><attrlabl Sync="TRUE">TM_X</attrlabl><attalias Sync="TRUE">TM_X</attalias><attrtype Sync="TRUE">Double</attrtype><attwidth Sync="TRUE">19</attwidth><atprecis Sync="TRUE">18</atprecis><attscale Sync="TRUE">6</attscale></attr><attr><attrlabl Sync="TRUE">TM_Y</attrlabl><attalias Sync="TRUE">TM_Y</attalias><attrtype Sync="TRUE">Double</attrtype><attwidth Sync="TRUE">19</attwidth><atprecis Sync="TRUE">18</atprecis><attscale Sync="TRUE">6</attscale></attr></detailed></eainfo><mdDateSt Sync="TRUE">20171124</mdDateSt><spref><horizsys><cordsysn><geogcsn Sync="TRUE">GCS_ITRF_2000</geogcsn><projcsn Sync="TRUE">PCS_ITRF2000_TM_1</projcsn></cordsysn><planar><planci><plance Sync="TRUE">coordinate pair</plance><plandu Sync="TRUE">meters</plandu><coordrep><absres Sync="TRUE">0.000100</absres><ordres Sync="TRUE">0.000100</ordres></coordrep></planci></planar><geodetic><horizdn Sync="TRUE">D_ITRF_2000</horizdn><ellips Sync="TRUE">Geodetic Reference System 80</ellips><semiaxis Sync="TRUE">6378137.000000</semiaxis><denflat Sync="TRUE">298.257222</denflat></geodetic></horizsys><vertdef><altsys><altenc Sync="TRUE">Explicit elevation coordinate included with horizontal coordinates</altenc><altres Sync="TRUE">1.000000</altres></altsys></vertdef></spref><refSysInfo><RefSystem><refSysID><identCode Sync="TRUE" code="0">PCS_ITRF2000_TM_1</identCode></refSysID></RefSystem></refSysInfo></metadata>
